System Time,RDTSC,Elapsed Time (sec), CPU Utilization(%),CPU Frequency_0(MHz),Processor Power_0(Watt),Cumulative Processor Energy_0(Joules),Cumulative Processor Energy_0(mWh),IA Power_0(Watt),Cumulative IA Energy_0(Joules),Cumulative IA Energy_0(mWh),Package Temperature_0(C),Package Hot_0,DRAM Power_0(Watt),Cumulative DRAM Energy_0(Joules),Cumulative DRAM Energy_0(mWh),Package PL1_0(Watt),Package PL2_0(Watt),Package PL4_0(Watt),Platform PsysPL1_0(Watt),Platform PsysPL2_0(Watt)
11:24:09:805, 11052200860319,    2.837,    2.000,  800,  12.058,  47.325,  13.146,   1.108,  16.218,   4.505, 34,  0,   0.000,   0.000,   0.000,4095.875,4095.875,   0.000,   0.000,   0.000
11:24:09:915, 11052595660577,    2.947,    1.000,  800,  11.919,  48.632,  13.509,   1.071,  16.335,   4.538, 34,  0,   0.000,   0.000,   0.000,4095.875,4095.875,   0.000,   0.000,   0.000
11:24:10:020, 11052974094017,    3.052,    2.000,  800,  12.081,  49.902,  13.862,   1.052,  16.446,   4.568, 34,  0,   0.000,   0.000,   0.000,4095.875,4095.875,   0.000,   0.000,   0.000
11:24:10:131, 11053375212907,    3.164,    9.000, 4700,  40.939,  54.464,  15.129,  29.854,  19.772,   5.492, 41,  0,   0.000,   0.000,   0.000,4095.875,4095.875,   0.000,   0.000,   0.000
11:24:10:243, 11053777661629,    3.275,    8.000, 4700,  46.886,  59.705,  16.585,  35.739,  23.768,   6.602, 43,  0,   0.000,   0.000,   0.000,4095.875,4095.875,   0.000,   0.000,   0.000
11:24:10:348, 11054154898962,    3.380,    9.000, 4900,  46.054,  64.531,  17.925,  35.068,  27.442,   7.623, 46,  0,   0.000,   0.000,   0.000,4095.875,4095.875,   0.000,   0.000,   0.000
11:24:10:461, 11054561467403,    3.493,    7.000, 4700,  44.901,  69.602,  19.334,  33.774,  31.257,   8.682, 48,  0,   0.000,   0.000,   0.000,4095.875,4095.875,   0.000,   0.000,   0.000
11:24:10:569, 11054951083756,    3.601,    9.000, 4900,  48.024,  74.799,  20.778,  36.844,  35.244,   9.790, 54,  0,   0.000,   0.000,   0.000,4095.875,4095.875,   0.000,   0.000,   0.000
11:24:10:678, 11055342720763,    3.710,    7.000, 4700,  44.555,  79.646,  22.124,  33.566,  38.896,  10.804, 42,  0,   0.000,   0.000,   0.000,4095.875,4095.875,   0.000,   0.000,   0.000
11:24:10:788, 11055738838941,    3.820,    7.000, 4900,  46.031,  84.711,  23.531,  34.890,  42.735,  11.871, 50,  0,   0.000,   0.000,   0.000,4095.875,4095.875,   0.000,   0.000,   0.000
11:24:10:895, 11056124118481,    3.927,    7.000, 4700,  46.309,  89.667,  24.908,  35.155,  46.497,  12.916, 49,  0,   0.000,   0.000,   0.000,4095.875,4095.875,   0.000,   0.000,   0.000
11:24:11:009, 11056534459283,    4.041,    8.000, 4900,  46.924,  95.016,  26.393,  35.834,  50.582,  14.050, 48,  0,   0.000,   0.000,   0.000,4095.875,4095.875,   0.000,   0.000,   0.000
11:24:11:114, 11056912460359,    4.146,    9.000, 4900,  50.175, 100.284,  27.857,  39.035,  54.680,  15.189, 54,  0,   0.000,   0.000,   0.000,4095.875,4095.875,   0.000,   0.000,   0.000
11:24:11:224, 11057308522321,    4.256,    7.000, 4900,  45.841, 105.328,  29.258,  34.727,  58.501,  16.250, 53,  0,   0.000,   0.000,   0.000,4095.875,4095.875,   0.000,   0.000,   0.000
11:24:11:334, 11057704635349,    4.366,    9.000, 4900,  50.983, 110.937,  30.816,  39.638,  62.862,  17.462, 57,  0,   0.000,   0.000,   0.000,4095.875,4095.875,   0.000,   0.000,   0.000
11:24:11:444, 11058100391961,    4.476,    6.000, 4900,  45.309, 115.918,  32.200,  34.165,  66.618,  18.505, 57,  0,   0.000,   0.000,   0.000,4095.875,4095.875,   0.000,   0.000,   0.000
11:24:11:555, 11058500104313,    4.587,    6.000, 4900,  44.320, 120.839,  33.566,  33.120,  70.295,  19.527, 51,  0,   0.000,   0.000,   0.000,4095.875,4095.875,   0.000,   0.000,   0.000
11:24:11:662, 11058885195789,    4.694,    6.000, 4900,  38.743, 124.984,  34.718,  27.239,  73.209,  20.336, 49,  0,   0.000,   0.000,   0.000,4095.875,4095.875,   0.000,   0.000,   0.000
11:24:11:771, 11059277587135,    4.803,    7.000, 4900,  42.495, 129.615,  36.004,  30.833,  76.570,  21.269, 59,  0,   0.000,   0.000,   0.000,4095.875,4095.875,   0.000,   0.000,   0.000
11:24:11:880, 11059670022524,    4.912,   10.000, 4600,  56.832, 135.811,  37.725,  45.185,  81.495,  22.638, 51,  0,   0.000,   0.000,   0.000,4095.875,4095.875,   0.000,   0.000,   0.000
11:24:11:991, 11060069712182,    5.023,   27.000, 4600,  63.644, 142.877,  39.688,  51.642,  87.229,  24.230, 49,  0,   0.000,   0.000,   0.000,4095.875,4095.875,   0.000,   0.000,   0.000
11:24:12:098, 11060454964171,    5.130,   28.000, 4900,  64.530, 149.782,  41.606,  52.487,  92.846,  25.791, 49,  0,   0.000,   0.000,   0.000,4095.875,4095.875,   0.000,   0.000,   0.000
11:24:12:208, 11060851581475,    5.240,   28.000, 4700,  67.460, 157.215,  43.671,  55.434,  98.953,  27.487, 48,  0,   0.000,   0.000,   0.000,4095.875,4095.875,   0.000,   0.000,   0.000
11:24:12:318, 11061247083871,    5.350,   21.000, 4900,  57.747, 163.559,  45.433,  45.753, 103.980,  28.883, 49,  0,   0.000,   0.000,   0.000,4095.875,4095.875,   0.000,   0.000,   0.000
11:24:12:427, 11061639501305,    5.459,   29.000, 4900,  63.370, 170.466,  47.352,  51.332, 109.575,  30.438, 50,  0,   0.000,   0.000,   0.000,4095.875,4095.875,   0.000,   0.000,   0.000
11:24:12:537, 11062035042351,    5.569,   35.000, 4600,  94.291, 180.826,  50.230,  83.080, 118.703,  32.973, 55,  0,   0.000,   0.000,   0.000,4095.875,4095.875,   0.000,   0.000,   0.000
11:24:12:645, 11062423864962,    5.677,   67.000, 4600, 163.301, 198.464,  55.129, 151.424, 135.058,  37.516, 59,  0,   0.000,   0.000,   0.000,4095.875,4095.875,   0.000,   0.000,   0.000
11:24:12:755, 11062819873236,    5.787,   69.000, 4600, 161.734, 216.255,  60.071, 149.965, 151.554,  42.098, 61,  0,   0.000,   0.000,   0.000,4095.875,4095.875,   0.000,   0.000,   0.000
11:24:12:864, 11063212208538,    5.896,   77.000, 4600, 149.474, 232.545,  64.596, 137.643, 166.555,  46.265, 59,  0,   0.000,   0.000,   0.000,4095.875,4095.875,   0.000,   0.000,   0.000
11:24:12:973, 11063604688717,    6.005,   77.000, 4600, 116.230, 245.217,  68.116, 104.189, 177.914,  49.421, 56,  0,   0.000,   0.000,   0.000,4095.875,4095.875,   0.000,   0.000,   0.000
11:24:13:086, 11064011735341,    6.118,   29.000, 4900,  68.961, 253.014,  70.282,  56.799, 184.336,  51.204, 54,  0,   0.000,   0.000,   0.000,4095.875,4095.875,   0.000,   0.000,   0.000
11:24:13:194, 11064400861596,    6.226,   35.000, 4600,  67.252, 260.283,  72.301,  55.141, 190.296,  52.860, 51,  0,   0.000,   0.000,   0.000,4095.875,4095.875,   0.000,   0.000,   0.000
11:24:13:301, 11064785676745,    6.333,   22.000, 4900,  61.669, 266.875,  74.132,  49.547, 195.593,  54.331, 55,  0,   0.000,   0.000,   0.000,4095.875,4095.875,   0.000,   0.000,   0.000
11:24:13:411, 11065181486218,    6.443,   33.000, 4600,  75.989, 275.230,  76.453,  64.129, 202.644,  56.290, 56,  0,   0.000,   0.000,   0.000,4095.875,4095.875,   0.000,   0.000,   0.000
11:24:13:524, 11065588236479,    6.556,   70.000, 4600, 165.096, 293.884,  81.634, 153.206, 219.954,  61.098, 61,  0,   0.000,   0.000,   0.000,4095.875,4095.875,   0.000,   0.000,   0.000
11:24:13:632, 11065977069150,    6.664,   70.000, 4600, 163.538, 311.547,  86.541, 151.809, 236.350,  65.653, 63,  0,   0.000,   0.000,   0.000,4095.875,4095.875,   0.000,   0.000,   0.000
11:24:13:740, 11066365854621,    6.772,   69.000, 4600, 164.841, 329.350,  91.486, 153.031, 252.877,  70.244, 64,  0,   0.000,   0.000,   0.000,4095.875,4095.875,   0.000,   0.000,   0.000
11:24:13:852, 11066769052786,    6.884,   78.000, 4600, 151.890, 346.361,  96.211, 140.085, 268.567,  74.602, 61,  0,   0.000,   0.000,   0.000,4095.875,4095.875,   0.000,   0.000,   0.000
11:24:13:958, 11067150741235,    6.990,   79.000, 4600, 119.607, 359.043,  99.734, 107.506, 279.965,  77.768, 59,  0,   0.000,   0.000,   0.000,4095.875,4095.875,   0.000,   0.000,   0.000
11:24:14:068, 11067546971071,    7.100,   29.000, 4700,  74.960, 367.293, 102.026,  62.782, 286.875,  79.687, 56,  0,   0.000,   0.000,   0.000,4095.875,4095.875,   0.000,   0.000,   0.000
11:24:14:179, 11067946533994,    7.211,   21.000, 4600,  60.415, 373.998, 103.888,  48.268, 292.232,  81.176, 56,  0,   0.000,   0.000,   0.000,4095.875,4095.875,   0.000,   0.000,   0.000
11:24:14:286, 11068331682785,    7.318,   27.000, 4900,  66.435, 381.106, 105.863,  54.258, 298.037,  82.788, 54,  0,   0.000,   0.000,   0.000,4095.875,4095.875,   0.000,   0.000,   0.000
11:24:14:396, 11068727440041,    7.428,   29.000, 4600,  69.374, 388.732, 107.981,  57.428, 304.350,  84.542, 55,  0,   0.000,   0.000,   0.000,4095.875,4095.875,   0.000,   0.000,   0.000
11:24:14:507, 11069127056458,    7.539,   68.000, 4600, 161.980, 406.713, 112.976, 150.222, 321.026,  89.174, 61,  0,   0.000,   0.000,   0.000,4095.875,4095.875,   0.000,   0.000,   0.000
11:24:14:614, 11069512962346,    7.646,   75.000, 4600, 153.338, 423.150, 117.542, 141.376, 336.181,  93.383, 58,  0,   0.000,   0.000,   0.000,4095.875,4095.875,   0.000,   0.000,   0.000
11:24:14:723, 11069904749497,    7.755,   80.000, 4600, 117.335, 435.920, 121.089, 105.221, 347.632,  96.564, 57,  0,   0.000,   0.000,   0.000,4095.875,4095.875,   0.000,   0.000,   0.000
11:24:14:834, 11070304460621,    7.866,   29.000, 4900,  70.263, 443.721, 123.256,  58.082, 354.081,  98.356, 57,  0,   0.000,   0.000,   0.000,4095.875,4095.875,   0.000,   0.000,   0.000
11:24:14:945, 11070704221262,    7.977,   23.000, 4600,  58.572, 450.225, 125.063,  46.474, 359.241,  99.789, 56,  0,   0.000,   0.000,   0.000,4095.875,4095.875,   0.000,   0.000,   0.000
11:24:15:053, 11071093237601,    8.085,   28.000, 4900,  65.046, 457.254, 127.015,  52.896, 364.957, 101.377, 55,  0,   0.000,   0.000,   0.000,4095.875,4095.875,   0.000,   0.000,   0.000
11:24:15:164, 11071492468757,    8.196,   87.000, 4600,  76.727, 465.763, 129.379,  64.589, 372.120, 103.367, 57,  0,   0.000,   0.000,   0.000,4095.875,4095.875,   0.000,   0.000,   0.000
11:24:15:273, 11071884739028,    8.305,   69.000, 4600, 161.840, 483.398, 134.277, 150.132, 388.479, 107.911, 61,  0,   0.000,   0.000,   0.000,4095.875,4095.875,   0.000,   0.000,   0.000
11:24:15:384, 11072284244895,    8.416,   70.000, 4600, 163.790, 501.574, 139.326, 152.048, 405.352, 112.598, 63,  0,   0.000,   0.000,   0.000,4095.875,4095.875,   0.000,   0.000,   0.000
11:24:15:493, 11072676621600,    8.525,   70.000, 4600, 164.117, 519.462, 144.295, 152.335, 421.956, 117.210, 66,  0,   0.000,   0.000,   0.000,4095.875,4095.875,   0.000,   0.000,   0.000
11:24:15:598, 11073054657781,    8.630,   69.000, 4600, 165.200, 536.810, 149.114, 153.398, 438.064, 121.684, 66,  0,   0.000,   0.000,   0.000,4095.875,4095.875,   0.000,   0.000,   0.000
11:24:15:709, 11073454192068,    8.741,   79.000, 4600, 152.527, 553.737, 153.816, 140.562, 453.664, 126.018, 63,  0,   0.000,   0.000,   0.000,4095.875,4095.875,   0.000,   0.000,   0.000
11:24:15:820, 11073854310889,    8.852,   65.000, 4900, 109.622, 565.921, 157.200,  97.534, 464.504, 129.029, 58,  0,   0.000,   0.000,   0.000,4095.875,4095.875,   0.000,   0.000,   0.000
11:24:15:926, 11074235668043,    8.958,   31.000, 4900,  71.721, 573.519, 159.311,  59.487, 470.806, 130.779, 57,  0,   0.000,   0.000,   0.000,4095.875,4095.875,   0.000,   0.000,   0.000
11:24:16:037, 11074635746296,    9.069,   27.000, 4600,  65.215, 580.766, 161.324,  53.065, 476.703, 132.418, 55,  0,   0.000,   0.000,   0.000,4095.875,4095.875,   0.000,   0.000,   0.000
11:24:16:146, 11075027701731,    9.178,   23.000, 4900,  62.258, 587.545, 163.207,  50.088, 482.156, 133.932, 56,  0,   0.000,   0.000,   0.000,4095.875,4095.875,   0.000,   0.000,   0.000
11:24:16:255, 11075419842560,    9.287,   31.000, 4600,  78.904, 596.140, 165.594,  66.827, 489.436, 135.954, 57,  0,   0.000,   0.000,   0.000,4095.875,4095.875,   0.000,   0.000,   0.000
11:24:16:367, 11075823046748,    9.399,   69.000, 4600, 159.044, 613.953, 170.542, 147.213, 505.924, 140.534, 60,  0,   0.000,   0.000,   0.000,4095.875,4095.875,   0.000,   0.000,   0.000
11:24:16:475, 11076211817417,    9.507,   97.000, 4600, 129.521, 627.940, 174.428, 117.486, 518.611, 144.059, 59,  0,   0.000,   0.000,   0.000,4095.875,4095.875,   0.000,   0.000,   0.000
11:24:16:587, 11076615409411,    9.619,   29.000, 4900,  71.483, 635.954, 176.654,  59.304, 525.260, 145.905, 60,  0,   0.000,   0.000,   0.000,4095.875,4095.875,   0.000,   0.000,   0.000
11:24:16:692, 11076993142785,    9.724,   30.000, 4900,  66.105, 642.890, 178.581,  53.903, 530.916, 147.477, 54,  0,   0.000,   0.000,   0.000,4095.875,4095.875,   0.000,   0.000,   0.000
11:24:16:803, 11077392856231,    9.835,   21.000, 4900,  59.449, 649.491, 180.414,  47.364, 536.174, 148.937, 55,  0,   0.000,   0.000,   0.000,4095.875,4095.875,   0.000,   0.000,   0.000
11:24:16:911, 11077781840763,    9.943,   29.000, 4900,  66.185, 656.642, 182.401,  54.049, 542.015, 150.560, 52,  0,   0.000,   0.000,   0.000,4095.875,4095.875,   0.000,   0.000,   0.000
11:24:17:021, 11078177441632,   10.053,   60.000, 4600, 145.486, 672.629, 186.842, 133.733, 556.710, 154.642, 61,  0,   0.000,   0.000,   0.000,4095.875,4095.875,   0.000,   0.000,   0.000
11:24:17:134, 11078584241314,   10.166,   71.000, 4600, 164.685, 691.239, 192.011, 152.874, 573.985, 159.440, 63,  0,   0.000,   0.000,   0.000,4095.875,4095.875,   0.000,   0.000,   0.000
11:24:17:244, 11078977205990,   10.275,   70.000, 4600, 164.309, 709.174, 196.993, 152.571, 590.639, 164.067, 64,  0,   0.000,   0.000,   0.000,4095.875,4095.875,   0.000,   0.000,   0.000
11:24:17:350, 11079358280979,   10.381,   98.000, 4600, 133.474, 723.303, 200.918, 121.343, 603.484, 167.634, 61,  0,   0.000,   0.000,   0.000,4095.875,4095.875,   0.000,   0.000,   0.000
11:24:17:459, 11079750900201,   10.490,   30.000, 4900,  79.418, 731.965, 203.323,  67.250, 610.818, 169.672, 61,  0,   0.000,   0.000,   0.000,4095.875,4095.875,   0.000,   0.000,   0.000
11:24:17:569, 11080147137439,   10.600,   28.000, 4600,  67.870, 739.435, 205.399,  55.681, 616.947, 171.374, 56,  0,   0.000,   0.000,   0.000,4095.875,4095.875,   0.000,   0.000,   0.000
11:24:17:677, 11080535645787,   10.708,   23.000, 4900,  61.963, 746.122, 207.256,  49.827, 622.324, 172.868, 56,  0,   0.000,   0.000,   0.000,4095.875,4095.875,   0.000,   0.000,   0.000
11:24:17:788, 11080935444995,   10.819,   29.000, 4700,  66.659, 753.525, 209.312,  54.519, 628.379, 174.550, 55,  0,   0.000,   0.000,   0.000,4095.875,4095.875,   0.000,   0.000,   0.000
11:24:17:900, 11081338280604,   10.931,   60.000, 4600, 143.621, 769.596, 213.777, 131.962, 643.145, 178.651, 61,  0,   0.000,   0.000,   0.000,4095.875,4095.875,   0.000,   0.000,   0.000
11:24:18:008, 11081727028588,   11.039,   71.000, 4600, 165.978, 787.519, 218.755, 154.167, 659.793, 183.276, 65,  0,   0.000,   0.000,   0.000,4095.875,4095.875,   0.000,   0.000,   0.000
11:24:18:115, 11082112225328,   11.146,   70.000, 4600, 165.408, 805.217, 223.671, 153.479, 676.215, 187.838, 65,  0,   0.000,   0.000,   0.000,4095.875,4095.875,   0.000,   0.000,   0.000
11:24:18:228, 11082519006023,   11.259,   68.000, 4600, 163.064, 823.643, 228.790, 151.361, 693.318, 192.588, 66,  0,   0.000,   0.000,   0.000,4095.875,4095.875,   0.000,   0.000,   0.000
11:24:18:336, 11082908515210,   11.367,   70.000, 4600, 161.320, 841.097, 233.638, 149.362, 709.479, 197.077, 62,  0,   0.000,   0.000,   0.000,4095.875,4095.875,   0.000,   0.000,   0.000
11:24:18:444, 11083297239680,   11.475,   91.000, 4600, 127.319, 854.845, 237.457, 115.204, 721.918, 200.533, 61,  0,   0.000,   0.000,   0.000,4095.875,4095.875,   0.000,   0.000,   0.000
11:24:18:554, 11083692825005,   11.585,   21.000, 4900,  66.530, 862.155, 239.488,  54.357, 727.891, 202.192, 60,  0,   0.000,   0.000,   0.000,4095.875,4095.875,   0.000,   0.000,   0.000
11:24:18:662, 11084081590515,   11.693,   30.000, 4900,  67.857, 869.483, 241.523,  55.684, 733.905, 203.862, 60,  0,   0.000,   0.000,   0.000,4095.875,4095.875,   0.000,   0.000,   0.000
11:24:18:775, 11084488536235,   11.806,   27.000, 4900,  65.037, 876.835, 243.565,  52.874, 739.882, 205.523, 56,  0,   0.000,   0.000,   0.000,4095.875,4095.875,   0.000,   0.000,   0.000
11:24:18:881, 11084870027497,   11.912,   22.000, 4900,  60.261, 883.221, 245.339,  48.235, 744.993, 206.943, 56,  0,   0.000,   0.000,   0.000,4095.875,4095.875,   0.000,   0.000,   0.000
11:24:18:992, 11085269420041,   12.023,   65.000, 4600, 154.678, 900.381, 250.106, 142.885, 760.845, 211.346, 62,  0,   0.000,   0.000,   0.000,4095.875,4095.875,   0.000,   0.000,   0.000
11:24:19:100, 11085658270209,   12.131,   71.000, 4600, 165.592, 918.268, 255.074, 153.765, 777.454, 215.959, 65,  0,   0.000,   0.000,   0.000,4095.875,4095.875,   0.000,   0.000,   0.000
11:24:19:209, 11086050658342,   12.240,   99.000, 4600, 138.698, 933.385, 259.274, 126.658, 791.259, 219.794, 62,  0,   0.000,   0.000,   0.000,4095.875,4095.875,   0.000,   0.000,   0.000
11:24:19:318, 11086443758294,   12.349,   39.000, 4600,  87.421, 942.931, 261.925,  75.262, 799.477, 222.077, 58,  0,   0.000,   0.000,   0.000,4095.875,4095.875,   0.000,   0.000,   0.000
11:24:19:432, 11086853655509,   12.463,   25.000, 4900,  68.530, 950.734, 264.093,  56.338, 805.892, 223.859, 60,  0,   0.000,   0.000,   0.000,4095.875,4095.875,   0.000,   0.000,   0.000
11:24:19:538, 11087235252941,   12.569,   31.000, 4900,  70.466, 958.203, 266.168,  58.264, 812.068, 225.574, 55,  0,   0.000,   0.000,   0.000,4095.875,4095.875,   0.000,   0.000,   0.000
11:24:19:646, 11087624195450,   12.677,   23.000, 4600,  61.930, 964.894, 268.026,  49.774, 817.446, 227.068, 57,  0,   0.000,   0.000,   0.000,4095.875,4095.875,   0.000,   0.000,   0.000
11:24:19:756, 11088019890251,   12.787,   54.000, 4600, 124.580, 978.587, 271.830, 112.908, 829.856, 230.516, 62,  0,   0.000,   0.000,   0.000,4095.875,4095.875,   0.000,   0.000,   0.000
11:24:19:868, 11088423082918,   12.899,   71.000, 4600, 168.354, 997.443, 277.067, 156.370, 847.369, 235.380, 64,  0,   0.000,   0.000,   0.000,4095.875,4095.875,   0.000,   0.000,   0.000
11:24:19:975, 11088808736942,   13.006,   88.000, 4600, 142.588,1012.718, 281.310, 130.591, 861.359, 239.266, 63,  0,   0.000,   0.000,   0.000,4095.875,4095.875,   0.000,   0.000,   0.000
11:24:20:085, 11089204651419,   13.116,   48.000, 4900,  93.319,1022.981, 284.161,  81.115, 870.279, 241.744, 58,  0,   0.000,   0.000,   0.000,4095.875,4095.875,   0.000,   0.000,   0.000
11:24:20:193, 11089593644241,   13.224,   37.000, 4900,  68.784,1030.413, 286.226,  56.589, 876.394, 243.443, 57,  0,   0.000,   0.000,   0.000,4095.875,4095.875,   0.000,   0.000,   0.000
11:24:20:302, 11089985721799,   13.333,   21.000, 4900,  60.001,1036.948, 288.041,  47.853, 881.606, 244.891, 57,  0,   0.000,   0.000,   0.000,4095.875,4095.875,   0.000,   0.000,   0.000
11:24:20:416, 11090396220593,   13.447,   28.000, 4900,  66.466,1044.527, 290.146,  54.204, 887.787, 246.607, 59,  0,   0.000,   0.000,   0.000,4095.875,4095.875,   0.000,   0.000,   0.000
11:24:20:522, 11090777459989,   13.553,   48.000, 4600, 114.753,1056.679, 293.522, 102.846, 898.678, 249.633, 60,  0,   0.000,   0.000,   0.000,4095.875,4095.875,   0.000,   0.000,   0.000
11:24:20:631, 11091169859981,   13.662,   68.000, 4600, 162.351,1074.375, 298.438, 150.569, 915.090, 254.192, 64,  0,   0.000,   0.000,   0.000,4095.875,4095.875,   0.000,   0.000,   0.000
11:24:20:740, 11091562230010,   13.771,   70.000, 4600, 159.149,1091.721, 303.256, 147.372, 931.152, 258.653, 65,  0,   0.000,   0.000,   0.000,4095.875,4095.875,   0.000,   0.000,   0.000
11:24:20:851, 11091961839881,   13.882,   85.000, 4600, 112.407,1104.199, 306.722, 100.933, 942.356, 261.766, 58,  0,   0.000,   0.000,   0.000,4095.875,4095.875,   0.000,   0.000,   0.000
11:24:20:962, 11092361567460,   13.993,   52.000, 4600,  94.558,1114.698, 309.638,  82.826, 951.553, 264.320, 59,  0,   0.000,   0.000,   0.000,4095.875,4095.875,   0.000,   0.000,   0.000
11:24:21:069, 11092746747237,   14.100,   58.000, 4600,  93.799,1124.734, 312.426,  82.369, 960.366, 266.768, 61,  0,   0.000,   0.000,   0.000,4095.875,4095.875,   0.000,   0.000,   0.000
11:24:21:178, 11093139394125,   14.209,    8.000, 4900,  46.453,1129.800, 313.833,  35.021, 964.185, 267.829, 61,  0,   0.000,   0.000,   0.000,4095.875,4095.875,   0.000,   0.000,   0.000
11:24:21:288, 11093535369715,   14.319,    7.000, 4900,  44.660,1134.713, 315.198,  33.298, 967.848, 268.847, 64,  0,   0.000,   0.000,   0.000,4095.875,4095.875,   0.000,   0.000,   0.000
11:24:21:400, 11093938622689,   14.431,    6.000, 4700,  43.114,1139.542, 316.539,  31.581, 971.385, 269.829, 56,  0,   0.000,   0.000,   0.000,4095.875,4095.875,   0.000,   0.000,   0.000
11:24:21:506, 11094320078403,   14.537,    7.000, 4900,  42.299,1144.024, 317.784,  30.667, 974.635, 270.732, 53,  0,   0.000,   0.000,   0.000,4095.875,4095.875,   0.000,   0.000,   0.000
11:24:21:616, 11094716062465,   14.647,    7.000, 4900,  43.587,1148.819, 319.116,  31.970, 978.152, 271.709, 51,  0,   0.000,   0.000,   0.000,4095.875,4095.875,   0.000,   0.000,   0.000
11:24:21:724, 11095105184699,   14.755,    7.000, 4900,  42.380,1153.399, 320.389,  30.772, 981.478, 272.633, 52,  0,   0.000,   0.000,   0.000,4095.875,4095.875,   0.000,   0.000,   0.000
11:24:21:834, 11095500842743,   14.865,    7.000, 4900,  42.789,1158.102, 321.695,  31.214, 984.908, 273.586, 59,  0,   0.000,   0.000,   0.000,4095.875,4095.875,   0.000,   0.000,   0.000
11:24:21:947, 11095907967613,   14.978,    7.000, 4900,  42.471,1162.905, 323.029,  30.957, 988.409, 274.558, 52,  0,   0.000,   0.000,   0.000,4095.875,4095.875,   0.000,   0.000,   0.000
11:24:22:056, 11096300093833,   15.087,    7.000, 4900,  42.049,1167.485, 324.301,  30.445, 991.725, 275.479, 50,  0,   0.000,   0.000,   0.000,4095.875,4095.875,   0.000,   0.000,   0.000
11:24:22:169, 11096708859625,   15.201,   13.000, 4900,  40.308,1172.062, 325.573,  28.826, 994.998, 276.388, 47,  0,   0.000,   0.000,   0.000,4095.875,4095.875,   0.000,   0.000,   0.000
11:24:22:271, 11097074077391,   15.302,    6.000, 4900,  40.511,1176.172, 326.714,  28.890, 997.929, 277.203, 52,  0,   0.000,   0.000,   0.000,4095.875,4095.875,   0.000,   0.000,   0.000
11:24:22:382, 11097472396525,   15.413,    6.000, 4900,  40.027,1180.601, 327.945,  28.532,1001.086, 278.080, 55,  0,   0.000,   0.000,   0.000,4095.875,4095.875,   0.000,   0.000,   0.000
11:24:22:495, 11097879232515,   15.526,    6.000, 4900,  40.886,1185.221, 329.228,  29.383,1004.407, 279.002, 53,  0,   0.000,   0.000,   0.000,4095.875,4095.875,   0.000,   0.000,   0.000
11:24:22:601, 11098260824771,   15.632,    6.000, 4900,  40.513,1189.515, 330.421,  28.996,1007.480, 279.856, 53,  0,   0.000,   0.000,   0.000,4095.875,4095.875,   0.000,   0.000,   0.000
11:24:22:713, 11098664022893,   15.744,    6.000, 4900,  40.531,1194.055, 331.682,  28.923,1010.720, 280.755, 58,  0,   0.000,   0.000,   0.000,4095.875,4095.875,   0.000,   0.000,   0.000
11:24:22:818, 11099042076105,   15.849,    6.000, 4900,  41.001,1198.361, 332.878,  29.510,1013.819, 281.616, 57,  0,   0.000,   0.000,   0.000,4095.875,4095.875,   0.000,   0.000,   0.000
11:24:22:929, 11099441634405,   15.960,    6.000, 4900,  40.945,1202.905, 334.140,  29.402,1017.082, 282.523, 51,  0,   0.000,   0.000,   0.000,4095.875,4095.875,   0.000,   0.000,   0.000
11:24:23:037, 11099830389827,   16.068,    6.000, 4900,  40.719,1207.302, 335.362,  29.294,1020.245, 283.401, 54,  0,   0.000,   0.000,   0.000,4095.875,4095.875,   0.000,   0.000,   0.000
11:24:23:150, 11100237329203,   16.181,    7.000, 4900,  42.821,1212.143, 336.706,  31.338,1023.788, 284.385, 53,  0,   0.000,   0.000,   0.000,4095.875,4095.875,   0.000,   0.000,   0.000
11:24:23:256, 11100618945101,   16.287,    6.000, 4700,  41.217,1216.512, 337.920,  29.722,1026.938, 285.261, 55,  0,   0.000,   0.000,   0.000,4095.875,4095.875,   0.000,   0.000,   0.000
11:24:23:366, 11101014869409,   16.397,    7.000, 4900,  44.403,1221.395, 339.276,  32.905,1030.557, 286.266, 54,  0,   0.000,   0.000,   0.000,4095.875,4095.875,   0.000,   0.000,   0.000
11:24:23:480, 11101425250213,   16.511,    7.000, 4900,  43.174,1226.317, 340.644,  31.578,1034.157, 287.266, 56,  0,   0.000,   0.000,   0.000,4095.875,4095.875,   0.000,   0.000,   0.000
11:24:23:587, 11101810579701,   16.618,    8.000, 4900,  44.697,1231.101, 341.972,  33.169,1037.707, 288.252, 53,  0,   0.000,   0.000,   0.000,4095.875,4095.875,   0.000,   0.000,   0.000
11:24:23:695, 11102199472935,   16.726,    7.000, 4900,  43.147,1235.762, 343.267,  31.757,1041.138, 289.205, 56,  0,   0.000,   0.000,   0.000,4095.875,4095.875,   0.000,   0.000,   0.000
11:24:23:805, 11102595513365,   16.836,    7.000, 4900,  43.358,1240.532, 344.592,  31.845,1044.641, 290.178, 55,  0,   0.000,   0.000,   0.000,4095.875,4095.875,   0.000,   0.000,   0.000
11:24:23:913, 11102984171015,   16.944,    8.000, 4900,  45.742,1245.470, 345.964,  34.239,1048.338, 291.205, 57,  0,   0.000,   0.000,   0.000,4095.875,4095.875,   0.000,   0.000,   0.000
11:24:24:023, 11103380182595,   17.054,    7.000, 4900,  44.753,1250.393, 347.331,  33.043,1051.972, 292.215, 55,  0,   0.000,   0.000,   0.000,4095.875,4095.875,   0.000,   0.000,   0.000
11:24:24:134, 11103779759915,   17.165,    7.000, 4900,  43.986,1255.275, 348.688,  32.725,1055.605, 293.224, 56,  0,   0.000,   0.000,   0.000,4095.875,4095.875,   0.000,   0.000,   0.000
11:24:24:240, 11104161390773,   17.271,    8.000, 4900,  45.549,1260.104, 350.029,  34.138,1059.224, 294.229, 55,  0,   0.000,   0.000,   0.000,4095.875,4095.875,   0.000,   0.000,   0.000
11:24:24:350, 11104557294383,   17.381,   10.000, 4600,  50.215,1265.626, 351.563,  38.708,1063.481, 295.411, 46,  0,   0.000,   0.000,   0.000,4095.875,4095.875,   0.000,   0.000,   0.000
11:24:24:459, 11104949678337,   17.490,    7.000, 4900,  42.497,1270.258, 352.849,  31.388,1066.902, 296.362, 42,  0,   0.000,   0.000,   0.000,4095.875,4095.875,   0.000,   0.000,   0.000
11:24:24:570, 11105350320201,   17.601,   19.000, 4600,  67.485,1277.768, 354.936,  56.028,1073.137, 298.094, 49,  0,   0.000,   0.000,   0.000,4095.875,4095.875,   0.000,   0.000,   0.000
11:24:24:678, 11105739319909,   17.709,   19.000, 4600,  59.206,1284.166, 356.713,  47.719,1078.293, 299.526, 47,  0,   0.000,   0.000,   0.000,4095.875,4095.875,   0.000,   0.000,   0.000
11:24:24:789, 11106138825893,   17.820,   40.000, 4600,  85.841,1293.692, 359.359,  73.689,1086.471, 301.797, 51,  0,   0.000,   0.000,   0.000,4095.875,4095.875,   0.000,   0.000,   0.000
11:24:24:900, 11106538380011,   17.931,   18.000, 4600,  62.039,1300.578, 361.272,  50.360,1092.060, 303.350, 47,  0,   0.000,   0.000,   0.000,4095.875,4095.875,   0.000,   0.000,   0.000
11:24:25:009, 11106932126725,   18.041,    6.000, 1900,  30.812,1303.948, 362.208,  19.548,1094.198, 303.944, 41,  0,   0.000,   0.000,   0.000,4095.875,4095.875,   0.000,   0.000,   0.000
11:24:25:118, 11107321480205,   18.149,    6.000, 4900,  19.107,1306.014, 362.782,   7.944,1095.057, 304.183, 41,  0,   0.000,   0.000,   0.000,4095.875,4095.875,   0.000,   0.000,   0.000
11:24:25:226, 11107710872475,   18.257,    5.000, 4900,  20.597,1308.242, 363.401,   9.444,1096.079, 304.466, 39,  0,   0.000,   0.000,   0.000,4095.875,4095.875,   0.000,   0.000,   0.000
11:24:25:335, 11108105445689,   18.366,    6.000, 1500,  16.958,1310.101, 363.917,   5.896,1096.725, 304.646, 39,  0,   0.000,   0.000,   0.000,4095.875,4095.875,   0.000,   0.000,   0.000
11:24:25:446, 11108505781313,   18.478,    5.000, 4900,  25.034,1312.885, 364.690,  13.849,1098.265, 305.074, 39,  0,   0.000,   0.000,   0.000,4095.875,4095.875,   0.000,   0.000,   0.000
11:24:25:554, 11108894610945,   18.586,    5.000, 4900,  20.166,1315.063, 365.295,   9.016,1099.239, 305.344, 39,  0,   0.000,   0.000,   0.000,4095.875,4095.875,   0.000,   0.000,   0.000
11:24:25:665, 11109290361889,   18.696,    4.000, 1900,  17.650,1317.003, 365.834,   6.605,1099.965, 305.546, 38,  0,   0.000,   0.000,   0.000,4095.875,4095.875,   0.000,   0.000,   0.000
11:24:25:771, 11109675733965,   18.803,    4.000,  800,  17.819,1318.910, 366.364,   6.712,1100.684, 305.745, 38,  0,   0.000,   0.000,   0.000,4095.875,4095.875,   0.000,   0.000,   0.000
11:24:25:881, 11110070748937,   18.912,    1.000,  800,  11.952,1320.222, 366.728,   0.989,1100.792, 305.776, 37,  0,   0.000,   0.000,   0.000,4095.875,4095.875,   0.000,   0.000,   0.000
11:24:25:991, 11110466200565,   19.022,    2.000,  800,  11.987,1321.539, 367.094,   1.075,1100.910, 305.808, 37,  0,   0.000,   0.000,   0.000,4095.875,4095.875,   0.000,   0.000,   0.000
11:24:26:102, 11110865055871,   19.133,    2.000,  800,  12.135,1322.883, 367.467,   1.149,1101.037, 305.844, 37,  0,   0.000,   0.000,   0.000,4095.875,4095.875,   0.000,   0.000,   0.000
11:24:26:212, 11111262866105,   19.244,    3.000,  800,  12.715,1324.288, 367.858,   1.689,1101.224, 305.896, 37,  0,   0.000,   0.000,   0.000,4095.875,4095.875,   0.000,   0.000,   0.000
11:24:26:320, 11111652329943,   19.352,    1.000,  800,  11.969,1325.583, 368.217,   0.969,1101.329, 305.925, 36,  0,   0.000,   0.000,   0.000,4095.875,4095.875,   0.000,   0.000,   0.000
11:24:26:428, 11112040269279,   19.460,    3.000,  800,  12.117,1326.889, 368.580,   1.133,1101.451, 305.959, 37,  0,   0.000,   0.000,   0.000,4095.875,4095.875,   0.000,   0.000,   0.000
11:24:26:537, 11112431172060,   19.568,    5.000, 1600,  15.607,1328.583, 369.051,   4.573,1101.948, 306.097, 37,  0,   0.000,   0.000,   0.000,4095.875,4095.875,   0.000,   0.000,   0.000
11:24:26:646, 11112825939267,   19.678,    2.000,  800,  15.310,1330.262, 369.517,   4.250,1102.414, 306.226, 37,  0,   0.000,   0.000,   0.000,4095.875,4095.875,   0.000,   0.000,   0.000
11:24:26:757, 11113223365467,   19.788,    2.000,  800,  12.166,1331.605, 369.890,   1.221,1102.548, 306.263, 36,  0,   0.000,   0.000,   0.000,4095.875,4095.875,   0.000,   0.000,   0.000
11:24:26:867, 11113619852431,   19.898,    2.000,  800,  13.677,1333.112, 370.309,   2.624,1102.837, 306.344, 36,  0,   0.000,   0.000,   0.000,4095.875,4095.875,   0.000,   0.000,   0.000
11:24:26:979, 11114022076347,   20.010,    2.000,  800,  11.965,1334.448, 370.680,   1.067,1102.957, 306.377, 37,  0,   0.000,   0.000,   0.000,4095.875,4095.875,   0.000,   0.000,   0.000
11:24:27:086, 11114409957783,   20.118,    2.000,  800,  12.101,1335.752, 371.042,   1.091,1103.074, 306.409, 36,  0,   0.000,   0.000,   0.000,4095.875,4095.875,   0.000,   0.000,   0.000
11:24:27:196, 11114805541939,   20.228,    4.000,  800,  12.515,1337.128, 371.424,   1.514,1103.241, 306.456, 36,  0,   0.000,   0.000,   0.000,4095.875,4095.875,   0.000,   0.000,   0.000
11:24:27:303, 11115188636415,   20.334,    2.000,  800,  12.111,1338.416, 371.782,   1.176,1103.366, 306.490, 37,  0,   0.000,   0.000,   0.000,4095.875,4095.875,   0.000,   0.000,   0.000

Total Elapsed Time (sec) = 24.192823
Measured RDTSC Frequency (GHz) = 3.600

Cumulative Processor Energy_0 (Joules) = 1403.619751
Cumulative Processor Energy_0 (mWh) = 389.894375
Average Processor Power_0 (Watt) = 58.018021

Cumulative IA Energy_0 (Joules) = 1126.060120
Cumulative IA Energy_0 (mWh) = 312.794478
Average IA Power_0 (Watt) = 46.545213

Cumulative DRAM Energy_0 (Joules) = 0.000000
Cumulative DRAM Energy_0 (mWh) = 0.000000
Average DRAM Power_0 (Watt) = 0.000000
